{"cameraMode":{"drawMode":0,"name":"Shaded","section":"Shading Mode"},"sceneLighting":false,"audioPlay":false,"sceneViewState":{"showFog":true,"showMaterialUpdate":false,"showSkybox":true,"showFlares":true,"showImageEffects":true,"showParticleSystems":true},"in2DMode":false,"pivot":{"x":-42.416419982910159,"y":28.367984771728517,"z":222.49978637695313},"rotation":{"x":-0.0040334840305149559,"y":-0.9915613532066345,"z":0.12560208141803742,"w":-0.031842079013586047},"size":4.436334609985352,"orthographic":false}