{"cameraMode":{"drawMode":0,"name":"Shaded","section":"Shading Mode"},"sceneLighting":true,"audioPlay":false,"sceneViewState":{"showFog":true,"showMaterialUpdate":false,"showSkybox":true,"showFlares":true,"showImageEffects":true,"showParticleSystems":true},"in2DMode":false,"pivot":{"x":276.74603271484377,"y":80.20794677734375,"z":4.0625},"rotation":{"x":0.20590703189373017,"y":-0.3639363646507263,"z":0.08284083008766175,"w":0.904593825340271},"size":445.147705078125,"orthographic":false}